[
  {
    "name": "Inception",
    "director_name": "Christopher Nolan",
    "production_house": "Warner Bros.",
    "release_date": "2010-07-16",
    "rating": 8.8
  },
  {
    "name": "The Matrix",
    "director_name": "Wachowskis",
    "production_house": "Warner Bros.",
    "release_date": "1999-03-31",
    "rating": 8.7
  },
  {
    "name": "The Dark Knight",
    "director_name": "Christopher Nolan",
    "production_house": "Warner Bros.",
    "release_date": "2008-07-18",
    "rating": 9.0
  }
]